Interest Group,Year,Party Committee,Amount Contributed
HUMAN RIGHTS CAMPAIGN,2012,OHIO DEMOCRATIC PARTY,63625.97
HUMAN RIGHTS CAMPAIGN,2013,VIRGINIA DEMOCRATIC PARTY,58265.44
HUMAN RIGHTS CAMPAIGN,2008,NEW YORK DEMOCRATIC SENATE CAMPAIGN CMTE,55125.66
HUMAN RIGHTS CAMPAIGN,2018,GEORGIA DEMOCRATIC PARTY,32521.00
HUMAN RIGHTS CAMPAIGN,2008,ARIZONA DEMOCRATIC PARTY,29520.00
HUMAN RIGHTS CAMPAIGN,2010,FLORIDA DEMOCRATIC PARTY,29402.00
HUMAN RIGHTS CAMPAIGN,2015,DEMOCRATIC CONGRESSIONAL CAMPAIGN CMTE,29000.00
HUMAN RIGHTS CAMPAIGN,2006,NEW HAMPSHIRE DEMOCRATIC SENATE CAUCUS,27934.92
HUMAN RIGHTS CAMPAIGN,2016,NORTH CAROLINA DEMOCRATIC PARTY,22697.62
HUMAN RIGHTS CAMPAIGN,2008,NEW HAMPSHIRE DEMOCRATIC SENATE CAUCUS,21000.00
HUMAN RIGHTS CAMPAIGN,2018,DEMOCRATIC CONGRESSIONAL CAMPAIGN CMTE,20500.00
HUMAN RIGHTS CAMPAIGN,2011,DEMOCRATIC CONGRESSIONAL CAMPAIGN CMTE,20000.00
HUMAN RIGHTS CAMPAIGN,2010,NEW YORK DEMOCRATIC SENATE CAMPAIGN CMTE,19691.00
HUMAN RIGHTS CAMPAIGN,2016,DEMOCRATIC CONGRESSIONAL CAMPAIGN CMTE,19000.00
HUMAN RIGHTS CAMPAIGN,2017,VIRGINIA DEMOCRATIC PARTY,17514.42
HUMAN RIGHTS CAMPAIGN,2008,MINNESOTA DEMOCRATIC-FARMER-LABOR PARTY,17500.00
HUMAN RIGHTS CAMPAIGN,2013,DEMOCRATIC CONGRESSIONAL CAMPAIGN CMTE,17500.00
HUMAN RIGHTS CAMPAIGN,2008,OHIO HOUSE OF REPRESENTATIVES DEMOCRATIC CAUCUS,16000.00
HUMAN RIGHTS CAMPAIGN,2009,DEMOCRATIC CONGRESSIONAL CAMPAIGN CMTE,16000.00
HUMAN RIGHTS CAMPAIGN,2010,DEMOCRATIC CONGRESSIONAL CAMPAIGN CMTE,16000.00
HUMAN RIGHTS CAMPAIGN,2018,ARIZONA DEMOCRATIC PARTY,15230.51
HUMAN RIGHTS CAMPAIGN,2018,FLORIDA DEMOCRATIC PARTY,15013.91
HUMAN RIGHTS CAMPAIGN,2009,US DEMOCRATIC SENATORIAL CAMPAIGN CMTE,15000.00
HUMAN RIGHTS CAMPAIGN,2010,US DEMOCRATIC SENATORIAL CAMPAIGN CMTE,15000.00
HUMAN RIGHTS CAMPAIGN,2011,US DEMOCRATIC SENATORIAL CAMPAIGN CMTE,15000.00
HUMAN RIGHTS CAMPAIGN,2012,US DEMOCRATIC SENATORIAL CAMPAIGN CMTE,15000.00
HUMAN RIGHTS CAMPAIGN,2012,DEMOCRATIC CONGRESSIONAL CAMPAIGN CMTE,15000.00
HUMAN RIGHTS CAMPAIGN,2014,DEMOCRATIC CONGRESSIONAL CAMPAIGN CMTE,15000.00
HUMAN RIGHTS CAMPAIGN,2015,US DEMOCRATIC SENATORIAL CAMPAIGN CMTE,15000.00
HUMAN RIGHTS CAMPAIGN,2016,US DEMOCRATIC SENATORIAL CAMPAIGN CMTE,15000.00
HUMAN RIGHTS CAMPAIGN,2017,US DEMOCRATIC SENATORIAL CAMPAIGN CMTE,15000.00
HUMAN RIGHTS CAMPAIGN,2017,DEMOCRATIC NATIONAL CMTE,15000.00
HUMAN RIGHTS CAMPAIGN,2017,DEMOCRATIC CONGRESSIONAL CAMPAIGN CMTE,15000.00
HUMAN RIGHTS CAMPAIGN,2018,US DEMOCRATIC SENATORIAL CAMPAIGN CMTE,15000.00
HUMAN RIGHTS CAMPAIGN,2019,DEMOCRATIC NATIONAL CMTE,15000.00
HUMAN RIGHTS CAMPAIGN,2019,DEMOCRATIC CONGRESSIONAL CAMPAIGN CMTE,15000.00
HUMAN RIGHTS CAMPAIGN,2014,NEW HAMPSHIRE DEMOCRATIC PARTY,12982.08
HUMAN RIGHTS CAMPAIGN,2014,FLORIDA DEMOCRATIC PARTY,11191.31
HUMAN RIGHTS CAMPAIGN,2008,NEW YORK STATE DEMOCRATIC PARTY,10000.00
HUMAN RIGHTS CAMPAIGN,2014,ILLINOIS DEMOCRATIC PARTY,10000.00
HUMAN RIGHTS CAMPAIGN,2015,VIRGINIA DEMOCRATIC PARTY,9734.21
HUMAN RIGHTS CAMPAIGN,2018,WISCONSIN DEMOCRATIC PARTY,7376.19
HUMAN RIGHTS CAMPAIGN,2010,MINNESOTA DEMOCRATIC-FARMER-LABOR PARTY,5647.50
HUMAN RIGHTS CAMPAIGN,2018,NEVADA DEMOCRATIC PARTY,5490.25
HUMAN RIGHTS CAMPAIGN,1999,VIRGINIA DEMOCRATIC PARTY,5000.00
HUMAN RIGHTS CAMPAIGN,2002,ARKANSAS DEMOCRATIC PARTY,5000.00
HUMAN RIGHTS CAMPAIGN,2002,MINNESOTA DEMOCRATIC-FARMER-LABOR PARTY,5000.00
HUMAN RIGHTS CAMPAIGN,2004,ARKANSAS DEMOCRATIC PARTY,5000.00
HUMAN RIGHTS CAMPAIGN,2004,FLORIDA DEMOCRATIC PARTY,5000.00
HUMAN RIGHTS CAMPAIGN,2004,NEVADA DEMOCRATIC PARTY,5000.00
HUMAN RIGHTS CAMPAIGN,2004,WASHINGTON STATE DEMOCRATIC PARTY,5000.00
HUMAN RIGHTS CAMPAIGN,2004,NORTH DAKOTA DEMOCRATIC-NPL PARTY,5000.00
HUMAN RIGHTS CAMPAIGN,2006,NEW HAMPSHIRE DEMOCRATIC PARTY,5000.00
HUMAN RIGHTS CAMPAIGN,2006,NORTH DAKOTA DEMOCRATIC-NPL PARTY,5000.00
HUMAN RIGHTS CAMPAIGN,2007,NEW HAMPSHIRE DEMOCRATIC SENATE CAUCUS,5000.00
HUMAN RIGHTS CAMPAIGN,2010,CMTE TO ELECT HOUSE DEMOCRATS OF NEW HAMPSHIRE,5000.00
HUMAN RIGHTS CAMPAIGN,2010,NEW HAMPSHIRE DEMOCRATIC SENATE CAUCUS,5000.00
HUMAN RIGHTS CAMPAIGN,2010,ARIZONA DEMOCRATIC PARTY,5000.00
HUMAN RIGHTS CAMPAIGN,2014,ALASKA DEMOCRATIC PARTY,5000.00
HUMAN RIGHTS CAMPAIGN,2014,GEORGIA DEMOCRATIC PARTY,5000.00
HUMAN RIGHTS CAMPAIGN,2014,MINNESOTA DEMOCRATIC-FARMER-LABOR PARTY,5000.00
HUMAN RIGHTS CAMPAIGN,2016,ILLINOIS DEMOCRATIC PARTY,5000.00
HUMAN RIGHTS CAMPAIGN,2018,DEMOCRATIC NATIONAL CMTE,5000.00
HUMAN RIGHTS CAMPAIGN,2019,US DEMOCRATIC SENATORIAL CAMPAIGN CMTE,5000.00
HUMAN RIGHTS CAMPAIGN,2008,OHIO DEMOCRATIC PARTY,4587.43
HUMAN RIGHTS CAMPAIGN,2014,NEVADA SENATE DEMOCRATS,4531.97
HUMAN RIGHTS CAMPAIGN,2018,PENNSYLVANIA DEMOCRATIC PARTY,4309.98
HUMAN RIGHTS CAMPAIGN,2008,NEVADA DEMOCRATIC PARTY,3221.93
HUMAN RIGHTS CAMPAIGN,2018,VERMONT DEMOCRATIC PARTY,2854.06
HUMAN RIGHTS CAMPAIGN,2008,NEW HAMPSHIRE DEMOCRATIC PARTY,2821.43
HUMAN RIGHTS CAMPAIGN,2008,NEW MEXICO DEMOCRATIC PARTY,2821.43
HUMAN RIGHTS CAMPAIGN,2018,NEW HAMPSHIRE DEMOCRATIC PARTY,2429.39
HUMAN RIGHTS CAMPAIGN,2001,VERMONT SENATE VICTORY,2000.00
HUMAN RIGHTS CAMPAIGN,2006,MINNESOTA DEMOCRATIC-FARMER-LABOR PARTY,2000.00
HUMAN RIGHTS CAMPAIGN,2006,DEMOCRATIC-FARMER-LABOR SENATE CAUCUS OF MINNESOTA,2000.00
HUMAN RIGHTS CAMPAIGN,2010,DEMOCRATIC-FARMER-LABOR SENATE CAUCUS OF MINNESOTA,2000.00
HUMAN RIGHTS CAMPAIGN,2010,NEBRASKA DEMOCRATIC PARTY,1500.00
HUMAN RIGHTS CAMPAIGN,2016,NEW HAMPSHIRE DEMOCRATIC PARTY,1500.00
HUMAN RIGHTS CAMPAIGN,2014,ARKANSAS DEMOCRATIC PARTY,1250.00
HUMAN RIGHTS CAMPAIGN,2018,MAINE DEMOCRATIC PARTY,1032.37
HUMAN RIGHTS CAMPAIGN,2000,VERMONT DEMOCRATIC PARTY,1000.00
HUMAN RIGHTS CAMPAIGN,2001,NEW YORK STATE DEMOCRATIC PARTY,1000.00
HUMAN RIGHTS CAMPAIGN,2001,VERMONT DEMOCRATIC PARTY,1000.00
HUMAN RIGHTS CAMPAIGN,2002,VERMONT DEMOCRATIC PARTY,1000.00
HUMAN RIGHTS CAMPAIGN,2010,OHIO DEMOCRATIC PARTY,1000.00
HUMAN RIGHTS CAMPAIGN,2013,US DEMOCRATIC SENATORIAL CAMPAIGN CMTE,1000.00
HUMAN RIGHTS CAMPAIGN,2018,MISSOURI DEMOCRATIC PARTY,799.57
HUMAN RIGHTS CAMPAIGN,2019,WISCONSIN DEMOCRATIC PARTY,750.00
HUMAN RIGHTS CAMPAIGN,2002,NEVADA DEMOCRATIC PARTY,721.50
HUMAN RIGHTS CAMPAIGN,2016,IOWA DEMOCRATIC PARTY,628.85
HUMAN RIGHTS CAMPAIGN,2018,MISSISSIPPI DEMOCRATIC PARTY,500.00
HUMAN RIGHTS CAMPAIGN,2002,TEXAS DEMOCRATIC PARTY,400.00
HUMAN RIGHTS CAMPAIGN,2005,HOUSE DEMOCRATIC CAMPAIGN CMTE OF WASHINGTON,150.00
HUMAN RIGHTS CAMPAIGN,2005,SENATE DEMOCRATIC CAMPAIGN CMTE OF WASHINGTON,150.00
HUMAN RIGHTS CAMPAIGN,2018,MICHIGAN DEMOCRATIC PARTY,150.00
HUMAN RIGHTS CAMPAIGN,2000,VERMONT SENATE VICTORY,0.00
EQUALITY CALIFORNIA,2019,DEMOCRATIC CONGRESSIONAL CAMPAIGN CMTE,2500.00
GILL ACTION FUND,2007,SENATE DEMOCRATIC CAMPAIGN CMTE OF MAINE,15000.00
GILL ACTION FUND,2007,HOUSE DEMOCRATIC CAMPAIGN CMTE OF MAINE,15000.00
GILL ACTION FUND,2007,NEW JERSEY DEMOCRATIC PARTY,10000.00
GILL ACTION FUND,2013,HOUSE DEMOCRATS OF DELAWARE,5000.00
GILL ACTION FUND,2008,NEW YORK DEMOCRATIC SENATE CAMPAIGN CMTE,3505.10
GILL ACTION FUND,2008,IDAHO DEMOCRATIC PARTY,2500.00
GILL ACTION FUND,2008,NEW MEXICO DEMOCRATIC PARTY,2000.00
GILL ACTION FUND,2008,VERMONT DEMOCRATIC PARTY,2000.00
GILL ACTION FUND,2009,NEW MEXICO DEMOCRATIC PARTY,2000.00
FREEDOM TO MARRY,2009,MAINE DEMOCRATIC PARTY,2385.00
NO ON PROPOSITION 8 CAMPAIGN FOR MARRIAGE EQUALITY,0,0,0
GAY & LESBIAN VICTORY FUND,2004,NORTH CAROLINA DEMOCRATIC PARTY,36000.00
GAY & LESBIAN VICTORY FUND,2014,MAINE DEMOCRATIC PARTY,15500.00
GAY & LESBIAN VICTORY FUND,2009,OHIO DEMOCRATIC PARTY,500.00
NATIONAL GAY & LESBIAN TASK FORCE,0,0,0
EMPIRE STATE PRIDE AGENDA,2008,NEW YORK DEMOCRATIC SENATE CAMPAIGN CMTE,94200.00
EMPIRE STATE PRIDE AGENDA,2008,NEW YORK DEMOCRATIC ASSEMBLY CAMPAIGN CMTE,51500.00
EMPIRE STATE PRIDE AGENDA,2012,NEW YORK DEMOCRATIC ASSEMBLY CAMPAIGN CMTE,35000.00
EMPIRE STATE PRIDE AGENDA,2008,NEW YORK STATE DEMOCRATIC PARTY,31000.00
EMPIRE STATE PRIDE AGENDA,2010,NEW YORK DEMOCRATIC ASSEMBLY CAMPAIGN CMTE,25000.00
EMPIRE STATE PRIDE AGENDA,2014,NEW YORK DEMOCRATIC SENATE CAMPAIGN CMTE,22000.00
EMPIRE STATE PRIDE AGENDA,2012,NEW YORK DEMOCRATIC SENATE CAMPAIGN CMTE,21500.00
EMPIRE STATE PRIDE AGENDA,2011,NEW YORK DEMOCRATIC SENATE CAMPAIGN CMTE,20000.00
EMPIRE STATE PRIDE AGENDA,2013,NEW YORK STATE DEMOCRATIC PARTY,11000.00
EMPIRE STATE PRIDE AGENDA,2001,NEW YORK DEMOCRATIC ASSEMBLY CAMPAIGN CMTE,10000.00
EMPIRE STATE PRIDE AGENDA,2000,NEW YORK DEMOCRATIC ASSEMBLY CAMPAIGN CMTE,8500.00
EMPIRE STATE PRIDE AGENDA,1998,NEW YORK DEMOCRATIC ASSEMBLY CAMPAIGN CMTE,7500.00
EMPIRE STATE PRIDE AGENDA,2003,NEW YORK STATE DEMOCRATIC PARTY,5100.00
EMPIRE STATE PRIDE AGENDA,1999,NEW YORK DEMOCRATIC ASSEMBLY CAMPAIGN CMTE,5000.00
EMPIRE STATE PRIDE AGENDA,2015,NEW YORK DEMOCRATIC SENATE CAMPAIGN CMTE,4000.00
EMPIRE STATE PRIDE AGENDA,2003,NEW YORK DEMOCRATIC SENATE CAMPAIGN CMTE,2600.00
EMPIRE STATE PRIDE AGENDA,2002,NEW YORK DEMOCRATIC SENATE CAMPAIGN CMTE,2500.00
EMPIRE STATE PRIDE AGENDA,2007,NEW YORK DEMOCRATIC SENATE CAMPAIGN CMTE,2500.00
EMPIRE STATE PRIDE AGENDA,2014,NEW YORK DEMOCRATIC ASSEMBLY CAMPAIGN CMTE,2500.00
EMPIRE STATE PRIDE AGENDA,2015,NEW YORK DEMOCRATIC ASSEMBLY CAMPAIGN CMTE,2500.00
EMPIRE STATE PRIDE AGENDA,2000,NEW YORK DEMOCRATIC SENATE CAMPAIGN CMTE,1550.00
EMPIRE STATE PRIDE AGENDA,1997,NEW YORK DEMOCRATIC ASSEMBLY CAMPAIGN CMTE,1250.00
EMPIRE STATE PRIDE AGENDA,1997,NEW YORK DEMOCRATIC SENATE CAMPAIGN CMTE,1100.00
EMPIRE STATE PRIDE AGENDA,2002,NEW YORK STATE DEMOCRATIC PARTY,1000.00
EQUALITY PAC,2017,DEMOCRATIC CONGRESSIONAL CAMPAIGN CMTE,15000.00
EQUALITY PAC,2018,DEMOCRATIC CONGRESSIONAL CAMPAIGN CMTE,15000.00
EQUALITY PAC,2019,DEMOCRATIC CONGRESSIONAL CAMPAIGN CMTE,15000.00
BASIC RIGHTS OREGON,2006,OREGON HOUSE DEMOCRATIC CAMPAIGN CMTE,13661.98
BASIC RIGHTS OREGON,2002,OREGON HOUSE DEMOCRATIC CAMPAIGN CMTE,3000.00
BASIC RIGHTS OREGON,2006,OREGON SENATE DEMOCRATIC CAMPAIGN CMTE,1000.00
BASIC RIGHTS OREGON,2018,OREGON SENATE DEMOCRATIC CAMPAIGN CMTE,1000.00
BASIC RIGHTS OREGON,1998,OREGON HOUSE DEMOCRATIC CAMPAIGN CMTE,932.88
BASIC RIGHTS OREGON,2010,OREGON HOUSE DEMOCRATIC CAMPAIGN CMTE,869.30
BASIC RIGHTS OREGON,2015,OREGON DEMOCRATIC PARTY,713.52
BASIC RIGHTS OREGON,2011,OREGON DEMOCRATIC PARTY,600.00
BASIC RIGHTS OREGON,2006,OREGON DEMOCRATIC PARTY,585.00
BASIC RIGHTS OREGON,2002,OREGON DEMOCRATIC PARTY,500.00
BASIC RIGHTS OREGON,2009,OREGON DEMOCRATIC PARTY,465.00
BASIC RIGHTS OREGON,2013,OREGON DEMOCRATIC PARTY,250.00
BASIC RIGHTS OREGON,2016,OREGON DEMOCRATIC PARTY,250.00
BASIC RIGHTS OREGON,1998,OREGON SENATE DEMOCRATIC CAMPAIGN CMTE,100.00
ACTION WISCONSIN,0,0,0
LPAC,0,0,0
GENERAL TREASURY TRANSFER,2011,MAINE DEMOCRATIC PARTY,4942.00
FREEDOM MASSACHUSETTS EDUCATION FUND,0,0,0
PROJECT 515,2013,MINNESOTA DEMOCRATIC-FARMER-LABOR PARTY,40000.00
PROJECT 515,2010,MINNESOTA DEMOCRATIC-FARMER-LABOR PARTY,8925.00
PROJECT 515,2010,DEMOCRATIC-FARMER-LABOR SENATE CAUCUS OF MINNESOTA,8925.00
CALIFORNIANS FOR PROGRESS - NO ON 17 FKA CALIFORNIANS AGAINST ELIMINATING BASIC RIGHTS NO ON PROPOSITION 8,0,0,0
NO ON 8 NATIONAL CENTER FOR LESBIAN RIGHTS SOCIAL JUSTICE FUND,0,0,0
OUTFRONT MINNESOTA,2013,MINNESOTA DEMOCRATIC-FARMER-LABOR PARTY,40000.00
OUTFRONT MINNESOTA,2010,MINNESOTA DEMOCRATIC-FARMER-LABOR PARTY,11400.00
OUTFRONT MINNESOTA,2010,DEMOCRATIC-FARMER-LABOR SENATE CAUCUS OF MINNESOTA,9500.00
OUTFRONT MINNESOTA,2008,MINNESOTA DEMOCRATIC-FARMER-LABOR PARTY,250.00
LOS ANGELES GAY & LESBIAN COMMUNITY SERVICES CENTER,0,0,0
CENTER ADVOCACY PROJECT,0,0,0
EQUALITY MAINE,2010,SENATE DEMOCRATIC CAMPAIGN CMTE OF MAINE,15000.00
EQUALITY MAINE,2010,HOUSE DEMOCRATIC CAMPAIGN CMTE OF MAINE,10000.00
EQUALITY MAINE,2012,HOUSE DEMOCRATIC CAMPAIGN CMTE OF MAINE,2500.00
EQUALITY MAINE,2009,MAINE DEMOCRATIC PARTY,2300.00
EQUALITY MAINE,2012,SENATE DEMOCRATIC CAMPAIGN CMTE OF MAINE,1500.00
EQUALITY MAINE,2009,HOUSE DEMOCRATIC CAMPAIGN CMTE OF MAINE,1000.00
EQUALITY MAINE,2011,SENATE DEMOCRATIC CAMPAIGN CMTE OF MAINE,1000.00
EQUALITY MAINE,2011,HOUSE DEMOCRATIC CAMPAIGN CMTE OF MAINE,1000.00
EQUALITY MAINE,2010,MAINE DEMOCRATIC PARTY,650.00
EQUALITY MAINE,2013,SENATE DEMOCRATIC CAMPAIGN CMTE OF MAINE,500.00
EQUALITY MAINE,2014,MAINE DEMOCRATIC PARTY,500.00
EQUALITY MAINE,2008,MAINE DEMOCRATIC PARTY,475.00
EQUALITY MAINE,2018,MAINE DEMOCRATIC PARTY,300.00
GAY & LESBIAN ADVOCATES & DEFENDERS,0,0,0
EQUALITY ILLINOIS,2016,ILLINOIS SENATE DEMOCRATIC VICTORY FUND,6000.00
EQUALITY ILLINOIS,2016,HOUSE DEMOCRATIC MAJORITY OF ILLINOIS,6000.00
EQUALITY ILLINOIS,2018,ILLINOIS DEMOCRATIC PARTY,1000.00
EQUALITY ILLINOIS,2018,ILLINOIS SENATE DEMOCRATIC VICTORY FUND,1000.00
EQUALITY ILLINOIS,2010,ILLINOIS SENATE DEMOCRATIC VICTORY FUND,500.00
EQUALITY ILLINOIS,2018,HOUSE DEMOCRATIC MAJORITY OF ILLINOIS,500.00
EQUALITY ILLINOIS,2015,ILLINOIS SENATE DEMOCRATIC VICTORY FUND,250.00
EQUALITY ILLINOIS,2015,HOUSE DEMOCRATIC MAJORITY OF ILLINOIS,250.00
LESBIAN GAY BISEXUAL TRANSGENDER CAUCUS LEADERSHIP FUND,0,0,0
MARYLANDERS FOR MARRIAGE EQUALITY,0,0,0
MINNESOTANS UNITED FOR ALL FAMILIES,2012,MINNESOTA DEMOCRATIC-FARMER-LABOR PARTY,15900.00
EQUALITY VIRGINIA,2018,COMMONWEALTH VICTORY FUND OF VIRGINIA,1500.00
EQUALITY VIRGINIA,2008,COMMONWEALTH VICTORY FUND OF VIRGINIA,1250.00
EQUALITY VIRGINIA,2009,COMMONWEALTH VICTORY FUND OF VIRGINIA,1000.00
EQUALITY VIRGINIA,2010,COMMONWEALTH VICTORY FUND OF VIRGINIA,1000.00
EQUALITY VIRGINIA,2011,COMMONWEALTH VICTORY FUND OF VIRGINIA,1000.00
EQUALITY VIRGINIA,2019,COMMONWEALTH VICTORY FUND OF VIRGINIA,1000.00
EQUALITY VIRGINIA,2012,COMMONWEALTH VICTORY FUND OF VIRGINIA,750.00
EQUALITY VIRGINIA,2006,VIRGINIA SENATE DEMOCRATIC CAUCUS,500.00
EQUALITY VIRGINIA,2007,COMMONWEALTH VICTORY FUND OF VIRGINIA,500.00
EQUALITY VIRGINIA,2013,VIRGINIA DEMOCRATIC PARTY,360.11
EQUALITY VIRGINIA,2017,COMMONWEALTH VICTORY FUND OF VIRGINIA,250.00
TEXAS EQUITY PAC,0,0,0
TASK FORCE CALIFORNIA CMTE - NO ON 8,0,0,0
BRUCE W BASTIAN FOUNDATION,0,0,0
ONE COLORADO,2016,COLORADO DEMOCRATIC PARTY,3050.00
ONE COLORADO,2018,COLORADO DEMOCRATIC PARTY,2500.00
ONE COLORADO,2012,COLORADO DEMOCRATIC PARTY,2000.00
ONE COLORADO,2014,COLORADO DEMOCRATIC PARTY,2000.00
ONE COLORADO,2010,DEMOCRATIC SENATE CAMPAIGN FUND OF COLORADO,250.00
GAY & LESBIAN ALLIANCE AGAINST DEFAMATION,0,0,0
EQUALITY UTAH,2004,UTAH CMTE FOR A DEMOCRATIC MAJORITY,2750.00
EQUALITY UTAH,2004,UTAH DEMOCRATIC PARTY,2500.00
EQUALITY UTAH,2006,SENATE DEMOCRATS OF UTAH,1000.00
EQUALITY UTAH,2013,UTAH CMTE FOR A DEMOCRATIC MAJORITY,1000.00
EQUALITY UTAH,2014,UTAH CMTE FOR A DEMOCRATIC MAJORITY,1000.00
EQUALITY UTAH,2016,UTAH HOUSE DEMS LEADERSHIP COUNCIL,1000.00
EQUALITY UTAH,2013,UTAH DEMOCRATIC PARTY,900.00
EQUALITY UTAH,2012,UTAH DEMOCRATIC PARTY,750.00
EQUALITY UTAH,2009,UTAH CMTE FOR A DEMOCRATIC MAJORITY,600.00
EQUALITY UTAH,2006,UTAH CMTE FOR A DEMOCRATIC MAJORITY,500.00
EQUALITY UTAH,2010,UTAH CMTE FOR A DEMOCRATIC MAJORITY,500.00
EQUALITY UTAH,2011,UTAH CMTE FOR A DEMOCRATIC MAJORITY,500.00
EQUALITY UTAH,2012,UTAH CMTE FOR A DEMOCRATIC MAJORITY,500.00
EQUALITY UTAH,2015,SENDEM PAC OF UTAH,500.00
EQUALITY UTAH,2017,UTAH HOUSE DEMS LEADERSHIP COUNCIL,500.00
EQUALITY UTAH,2011,UTAH DEMOCRATIC PARTY,450.00
EQUALITY UTAH,2006,UTAH DEMOCRATIC PARTY,300.00
EQUALITY UTAH,2015,UTAH CMTE FOR A DEMOCRATIC MAJORITY,200.00
EQUALITY UTAH,2016,UTAH DEMOCRATIC PARTY,175.00
EQUALITY MARYLAND,2011,MARYLAND DEMOCRATIC PARTY,250.00
ARIZONA TOGETHER SUPPORTERS INC,0,0,0
EQUALITY NORTH CAROLINA,2006,NORTH CAROLINA DEMOCRATIC PARTY,6100.00
EQUALITY NORTH CAROLINA,2005,NORTH CAROLINA DEMOCRATIC PARTY,3000.00
EQUALITY NORTH CAROLINA,2008,NORTH CAROLINA DEMOCRATIC PARTY,1000.00
EQUALITY NORTH CAROLINA,2009,NORTH CAROLINA DEMOCRATIC PARTY,1000.00
EQUALITY NORTH CAROLINA,2015,NORTH CAROLINA DEMOCRATIC PARTY,1000.00
EQUALITY NORTH CAROLINA,2007,NORTH CAROLINA DEMOCRATIC PARTY,750.00
EQUALITY NORTH CAROLINA,2004,NORTH CAROLINA DEMOCRATIC PARTY,500.00
EQUALITY NORTH CAROLINA,2011,NORTH CAROLINA DEMOCRATIC PARTY,500.00
EQUALITY NORTH CAROLINA,2012,NORTH CAROLINA DEMOCRATIC PARTY,500.00
EQUALITY NORTH CAROLINA,2002,NORTH CAROLINA DEMOCRATIC PARTY,100.00
FREEDOM FOR ALL AMERICANS,0,0,0
EQUAL RIGHTS WASHINGTON,2006,HOUSE DEMOCRATIC CAMPAIGN CMTE OF WASHINGTON,700.00
EQUAL RIGHTS WASHINGTON,2006,SENATE DEMOCRATIC CAMPAIGN CMTE OF WASHINGTON,700.00
EQUAL RIGHTS WASHINGTON,2006,WASHINGTON STATE DEMOCRATIC PARTY,300.00
EQUAL RIGHTS WASHINGTON,2008,HOUSE DEMOCRATIC CAMPAIGN CMTE OF WASHINGTON,250.00
EQUAL RIGHTS WASHINGTON,2008,SENATE DEMOCRATIC CAMPAIGN CMTE OF WASHINGTON,250.00
EQUAL RIGHTS WASHINGTON,2004,SENATE DEMOCRATIC CAMPAIGN CMTE OF WASHINGTON,75.00
EQUAL RIGHTS WASHINGTON,2007,HOUSE DEMOCRATIC CAMPAIGN CMTE OF WASHINGTON,75.00
EQUAL RIGHTS WASHINGTON,2007,SENATE DEMOCRATIC CAMPAIGN CMTE OF WASHINGTON,75.00
PRIDE FOUNDATION,2000,WASHINGTON STATE DEMOCRATIC PARTY,75.00
COMMONWEALTH COALITION,0,0,0
LOG CABIN REPUBLICANS,0,0,0
CIVIL MARRIAGE COLLABORATIVE,0,0,0
HORIZONS FOUNDATION,0,0,0
EQUALITY MICHIGAN,2004,MICHIGAN HOUSE DEMOCRATIC FUND,21000.00
EQUALITY MICHIGAN,2010,MICHIGAN HOUSE DEMOCRATIC FUND,10000.00
EQUALITY MICHIGAN,2004,SENATE DEMOCRATIC FUND OF MICHIGAN,1000.00
EQUALITY MICHIGAN,2005,MICHIGAN HOUSE DEMOCRATIC FUND,1000.00
EQUALITY MICHIGAN,2005,SENATE DEMOCRATIC FUND OF MICHIGAN,1000.00
EQUALITY MICHIGAN,2006,MICHIGAN HOUSE DEMOCRATIC FUND,500.00
EQUALITY MICHIGAN,2011,MICHIGAN HOUSE DEMOCRATIC FUND,500.00
SOUTH CAROLINA EQUALITY COALITION,0,0,0
LOG CABIN REPUBLICANS NEW YORK,0,0,0
EQUALITY FLORIDA ACTION NETWORK,0,0,0
RIGHT TO PRIVACY PAC,0,0,0
ARCUS FOUNDATION,0,0,0
ILLINOIS FAIRNESS FUND,2010,ILLINOIS SENATE DEMOCRATIC VICTORY FUND,25000.00
STONEWALL DEMOCRATIC CLUB OF GREATER SACRAMENTO,2018,CALIFORNIA DEMOCRATIC PARTY,500.00
MASSEQUALITY,2011,MASSACHUSETTS DEMOCRATIC PARTY,5000.00
MASSEQUALITY,2014,MASSACHUSETTS DEMOCRATIC PARTY,4250.00
MASSEQUALITY,2006,MASSACHUSETTS DEMOCRATIC PARTY,1100.00
MASSEQUALITY,2008,CMTE FOR A DEMOCRATIC SENATE OF MASSACHUSETTS,500.00
MASSEQUALITY,2012,MASSACHUSETTS DEMOCRATIC PARTY,250.00
MASSEQUALITY,2008,MASSACHUSETTS DEMOCRATIC PARTY,200.00
MASSEQUALITY,2011,CMTE FOR A DEMOCRATIC HOUSE OF MASSACHUSETTS,200.00
MASSEQUALITY,2012,CMTE FOR A DEMOCRATIC HOUSE OF MASSACHUSETTS,200.00
MASSEQUALITY,2013,CMTE FOR A DEMOCRATIC HOUSE OF MASSACHUSETTS,200.00
LOVE MAKES A FAMILY,2006,SENATE DEMOCRATS VICTORY PAC OF CONNECTICUT,2000.00
LOVE MAKES A FAMILY,2005,CONNECTICUT DEMOCRATIC PARTY,250.00
DELAWARE STONEWALL DEMOCRATS,2004,DELAWARE DEMOCRATIC PARTY,3125.00
DELAWARE STONEWALL DEMOCRATS,2003,DELAWARE DEMOCRATIC PARTY,1000.00
DELAWARE STONEWALL DEMOCRATS,2005,DELAWARE DEMOCRATIC PARTY,125.00
DELAWARE STONEWALL DEMOCRATS,2007,DELAWARE DEMOCRATIC PARTY,100.00
FAIRNESS FUND,2008,IOWA DEMOCRATIC PARTY,30000.00
FAIRNESS FUND,2009,IOWA DEMOCRATIC PARTY,8738.81
FAIRNESS FUND,2010,IOWA DEMOCRATIC PARTY,1125.00
GLBTQ LEGAL ADVOCATES & DEFENDERS INC,0,0,0
INDIANA STONEWALL DEMOCRATS,2010,INDIANA DEMOCRATIC PARTY,1250.00
INDIANA STONEWALL DEMOCRATS,2011,INDIANA DEMOCRATIC PARTY,875.00
INDIANA STONEWALL DEMOCRATS,2005,INDIANA DEMOCRATIC PARTY,750.00
INDIANA STONEWALL DEMOCRATS,2004,INDIANA HOUSE DEMOCRATIC CAUCUS,600.00
INDIANA STONEWALL DEMOCRATS,2002,INDIANA DEMOCRATIC PARTY,525.00
INDIANA STONEWALL DEMOCRATS,2003,INDIANA DEMOCRATIC PARTY,500.00
INDIANA STONEWALL DEMOCRATS,2018,INDIANA DEMOCRATIC PARTY,500.00
INDIANA STONEWALL DEMOCRATS,2003,INDIANA HOUSE DEMOCRATIC CAUCUS,250.00
INDIANA STONEWALL DEMOCRATS,2012,INDIANA DEMOCRATIC PARTY,250.00
INDIANA STONEWALL DEMOCRATS,2017,INDIANA DEMOCRATIC PARTY,250.00
RIGHT TO PRIVACY PAC,0,0,0
EQUALITY SOUTH DAKOTA,0,0,0
FAMILY EQUALITY COUNCIL,0,0,0
TWO SISTERS & A WIFE FOUNDATION,0,0,0
MICHIGAN PRIDE,2002,MICHIGAN HOUSE DEMOCRATIC FUND,100.00
MINNESOTA UNITED PAC,2013,MINNESOTA DEMOCRATIC-FARMER-LABOR PARTY,20000.00
MINNESOTA UNITED PAC,2013,DEMOCRATIC-FARMER-LABOR SENATE CAUCUS OF MINNESOTA,10000.00
NATIONAL CENTER FOR LESBIAN RIGHTS,0,0,0
GARDEN STATE EQUALITY,2009,DEMOCRATIC ASSEMBLY CAMPAIGN CMTE OF NEW JERSEY,9000.00
GARDEN STATE EQUALITY,2007,DEMOCRATIC ASSEMBLY CAMPAIGN CMTE OF NEW JERSEY,7500.00
GARDEN STATE EQUALITY,2006,DEMOCRATIC ASSEMBLY CAMPAIGN CMTE OF NEW JERSEY,2000.00
GARDEN STATE EQUALITY,2009,NEW JERSEY DEMOCRATIC PARTY,1000.00
KEVIN J MOSSIER FOUNDATION,0,0,0
GARDEN STATE EQUALITY LLC,2007,SENATE DEMOCRATIC MAJORITY OF NEW JERSEY,25000.00
GARDEN STATE EQUALITY LLC,2008,NEW JERSEY DEMOCRATIC PARTY,5000.00
GARDEN STATE EQUALITY LLC,2007,NEW JERSEY DEMOCRATIC PARTY,3800.00
GARDEN STATE EQUALITY LLC,2008,SENATE DEMOCRATIC MAJORITY OF NEW JERSEY,1500.00
LESBIAN EQUITY FOUNDATION,0,0,0
GAY & LESBIAN RESOURCE CENTER IOWA,2002,IOWA DEMOCRATIC PARTY,50000.00
NO NONSENSE IN NOVEMBER,0,0,0
MAINERS UNITED FOR MARRIAGE,0,0,0
GREATER BOSTON PFLAG,0,0,0
JLS OPERATIONS,2010,IOWA DEMOCRATIC PARTY,25000.00
VIRGINIA PARTISANS GAY & LESBIAN DEMOCRATIC CLUB,2002,VIRGINIA DEMOCRATIC PARTY,1225.75
VIRGINIA PARTISANS GAY & LESBIAN DEMOCRATIC CLUB,2001,VIRGINIA DEMOCRATIC PARTY,105.40
VIRGINIA PARTISANS GAY & LESBIAN DEMOCRATIC CLUB,2000,VIRGINIA DEMOCRATIC PARTY,20.40
PRIVACY FUND,0,0,0
ALLIANCE FOR FULL ACCEPTANCE,0,0,0
EQUALITY NEW MEXICO,2016,NEW MEXICO DEMOCRATIC PARTY,2500.00
EQUALITY NEW MEXICO,2004,NEW MEXICO DEFENSE FUND,1000.00
EQUALITY NEW MEXICO,2006,NEW MEXICO DEFENSE FUND,1000.00
EQUALITY NEW MEXICO,2018,NEW MEXICO DEMOCRATIC PARTY,1000.00
EQUALITY NEW MEXICO,2007,NEW MEXICO DEMOCRATIC PARTY,200.00
EQUALITY NEW MEXICO,2005,NEW MEXICO DEMOCRATIC PARTY,125.00
VERMONT FUND FOR FAMILIES,2002,VERMONT SENATE VICTORY,2000.00
VERMONT FUND FOR FAMILIES,2009,VERMONT DEMOCRATIC PARTY,2000.00
VERMONT FUND FOR FAMILIES,2010,VERMONT DEMOCRATIC HOUSE CAUCUS,1500.00
VERMONT FUND FOR FAMILIES,2002,VERMONT DEMOCRATIC HOUSE CAUCUS,1000.00
VERMONT FUND FOR FAMILIES,2004,VERMONT DEMOCRATIC HOUSE CAUCUS,1000.00
VERMONT FUND FOR FAMILIES,2004,VERMONT DEMOCRATIC PARTY,1000.00
VERMONT FUND FOR FAMILIES,2004,VERMONT SENATE VICTORY,1000.00
VERMONT FUND FOR FAMILIES,2005,VERMONT DEMOCRATIC PARTY,1000.00
VERMONT FUND FOR FAMILIES,2008,VERMONT DEMOCRATIC PARTY,1000.00
VERMONT FUND FOR FAMILIES,2009,VERMONT SENATE VICTORY,1000.00
VERMONT FUND FOR FAMILIES,2011,VERMONT DEMOCRATIC PARTY,870.00
VERMONT FUND FOR FAMILIES,2006,VERMONT DEMOCRATIC HOUSE CAUCUS,825.00
VERMONT FUND FOR FAMILIES,2003,VERMONT DEMOCRATIC PARTY,750.00
VERMONT FUND FOR FAMILIES,2006,VERMONT SENATE VICTORY,625.00
VERMONT FUND FOR FAMILIES,2003,VERMONT DEMOCRATIC HOUSE CAUCUS,500.00
VERMONT FUND FOR FAMILIES,2005,VERMONT DEMOCRATIC HOUSE CAUCUS,500.00
VERMONT FUND FOR FAMILIES,2007,VERMONT DEMOCRATIC HOUSE CAUCUS,500.00
VERMONT FUND FOR FAMILIES,2007,VERMONT DEMOCRATIC PARTY,500.00
VERMONT FUND FOR FAMILIES,2009,VERMONT DEMOCRATIC HOUSE CAUCUS,500.00
VERMONT FUND FOR FAMILIES,2006,VERMONT DEMOCRATIC PARTY,200.00
CLEVELAND STONEWALL DEMOCRATS,2010,OHIO DEMOCRATIC PARTY,1500.00
CLEVELAND STONEWALL DEMOCRATS,2008,OHIO HOUSE OF REPRESENTATIVES DEMOCRATIC CAUCUS,1000.00
CLEVELAND STONEWALL DEMOCRATS,2016,OHIO DEMOCRATIC PARTY,1000.00
CLEVELAND STONEWALL DEMOCRATS,2004,OHIO SENATE DEMOCRATIC CAUCUS,600.00
CLEVELAND STONEWALL DEMOCRATS,2009,OHIO DEMOCRATIC PARTY,200.00
CLEVELAND STONEWALL DEMOCRATS,2008,OHIO DEMOCRATIC PARTY,100.00
LOG CABIN REPUBLICANS OF CALIFORNIA,0,0,0
LGBT MENTORING PROJECT,0,0,0
TEXAS STONEWALL DEMOCRATIC CAUCUS,2012,TEXAS DEMOCRATIC PARTY,1600.00
TEXAS STONEWALL DEMOCRATIC CAUCUS,2008,TEXAS DEMOCRATIC PARTY,1400.00
TEXAS STONEWALL DEMOCRATIC CAUCUS,2014,TEXAS DEMOCRATIC PARTY,1400.00
TEXAS STONEWALL DEMOCRATIC CAUCUS,2018,TEXAS DEMOCRATIC PARTY,1000.00
TEXAS STONEWALL DEMOCRATIC CAUCUS,2016,TEXAS DEMOCRATIC PARTY,500.00
TEXAS STONEWALL DEMOCRATIC CAUCUS,2002,TEXAS DEMOCRATIC PARTY,400.00
TEXAS STONEWALL DEMOCRATIC CAUCUS,2004,TEXAS DEMOCRATIC PARTY,400.00
TEXAS STONEWALL DEMOCRATIC CAUCUS,2006,TEXAS DEMOCRATIC PARTY,400.00
PROTECT MAINE EQUALITY,0,0,0
REPUBLICAN UNITY COALITION,0,0,0
NO NONSENSE IN 2006,0,0,0
LESBIAN / GAY RIGHTS LOBBY OF TEXAS CALKIN FUND,0,0,0
MICH PRIDE PAC,1999,MICHIGAN HOUSE DEMOCRATIC FUND,250.00
FAIR WISCONSIN,0,0,0
DELAWARE LIBERTY FUND,0,0,0
EQUALITY NC ACTION FUND,0,0,0
CALIFORNIA MARRIAGE PAC,2010,CALIFORNIA DEMOCRATIC PARTY,1000.00
FAIRNESS FOR ALL FAMILIES,0,0,0
FLORIDA RED & BLUE,0,0,0
LAMBDA LEGAL,0,0,0
LESBIAN POLITICAL ACTION CMTE,0,0,0
PRIDE SOURCE MEDIA GROUP,0,0,0
PARENTS FAMILIES & FRIENDS OF LESBIANS & GAYS (PFLAG) NATIONAL OFFICE,0,0,0
CENTRAL VALLEY STONEWALL DEMOCRATIC CLUB,0,0,0
STONEWALL DEMOCRATS OF DALLAS,2016,TEXAS DEMOCRATIC PARTY,900.00
STONEWALL DEMOCRATS OF DALLAS,2004,TEXAS DEMOCRATIC PARTY,250.00
STONEWALL DEMOCRATS OF DALLAS,2013,TEXAS DEMOCRATIC PARTY,200.00
STONEWALL DEMOCRATS OF DALLAS,2014,TEXAS DEMOCRATIC PARTY,100.00
ARIZONA HUMAN RIGHTS FUND,2004,ARIZONA DEMOCRATIC PARTY,5000.00
EQUALITY PENNSYLVANIA,0,0,0
STONEWALL DEMOCRATIC-FARMER-LABOR PARTY,2017,MINNESOTA DEMOCRATIC-FARMER-LABOR PARTY,3547.25
STONEWALL DEMOCRATIC-FARMER-LABOR PARTY,2008,MINNESOTA DEMOCRATIC-FARMER-LABOR PARTY,2650.00
STONEWALL DEMOCRATIC-FARMER-LABOR PARTY,2000,MINNESOTA DEMOCRATIC-FARMER-LABOR PARTY,2583.09
STONEWALL DEMOCRATIC-FARMER-LABOR PARTY,2006,MINNESOTA DEMOCRATIC-FARMER-LABOR PARTY,2500.00
STONEWALL DEMOCRATIC-FARMER-LABOR PARTY,2005,MINNESOTA DEMOCRATIC-FARMER-LABOR PARTY,2250.00
STONEWALL DEMOCRATIC-FARMER-LABOR PARTY,2010,MINNESOTA DEMOCRATIC-FARMER-LABOR PARTY,2225.00
STONEWALL DEMOCRATIC-FARMER-LABOR PARTY,2004,MINNESOTA DEMOCRATIC-FARMER-LABOR PARTY,1250.00
STONEWALL DEMOCRATIC-FARMER-LABOR PARTY,2009,MINNESOTA DEMOCRATIC-FARMER-LABOR PARTY,1250.00
STONEWALL DEMOCRATIC-FARMER-LABOR PARTY,2002,MINNESOTA DEMOCRATIC-FARMER-LABOR PARTY,1000.00
STONEWALL DEMOCRATIC-FARMER-LABOR PARTY,2003,MINNESOTA DEMOCRATIC-FARMER-LABOR PARTY,1000.00
STONEWALL DEMOCRATIC-FARMER-LABOR PARTY,2015,MINNESOTA DEMOCRATIC-FARMER-LABOR PARTY,250.00
STONEWALL DEMOCRATIC-FARMER-LABOR PARTY,2000,DEMOCRATIC-FARMER-LABOR SENATE CAUCUS OF MINNESOTA,65.00
OHIOANS FOR GROWTH & EQUALITY,0,0,0
DESERT STONEWALL DEMOCRATS,0,0,0
STONEWALL DEMOCRATS OF SAN ANTONIO,0,0,0
CMTE FOR FAIRNESS & INDIVIDUAL RIGHTS,2014,KENTUCKY HOUSE DEMOCRATIC CAUCUS,1000.00
CMTE FOR FAIRNESS & INDIVIDUAL RIGHTS,2016,KENTUCKY HOUSE DEMOCRATIC CAUCUS,1000.00
CMTE FOR FAIRNESS & INDIVIDUAL RIGHTS,2012,KENTUCKY SENATE DEMOCRATIC CAUCUS,500.00
QLAW,0,0,0
TENNESSEE EQUALITY PROJECT,0,0,0
ONE IOWA,2008,IOWA DEMOCRATIC PARTY,17344.00
ONE IOWA,2007,IOWA DEMOCRATIC PARTY,265.00
WASHINGTON WONT DISCRIMINATE,2006,WASHINGTON STATE DEMOCRATIC PARTY,300.00
STONEWALL DEMOCRATS OF TARRANT COUNTY,0,0,0
FAIRNESS CAMPAIGN,0,0,0
HUMAN RIGHTS LEAGUE,2009,ASSEMBLY DEMOCRATIC CAMPAIGN CMTE OF WISCONSIN,3000.00
HUMAN RIGHTS LEAGUE,2009,STATE SENATE DEMOCRATIC CMTE OF WISCONSIN,3000.00
UNITY UTAH,2002,UTAH DEMOCRATIC PARTY,4000.00
UNITY UTAH,2004,UTAH DEMOCRATIC PARTY,1500.00
FLORIDA GLBT DEMOCRATIC CAUCUS,2013,FLORIDA DEMOCRATIC PARTY,4600.00
FLORIDA GLBT DEMOCRATIC CAUCUS,2010,FLORIDA DEMOCRATIC PARTY,4390.40
FLORIDA GLBT DEMOCRATIC CAUCUS,2014,FLORIDA DEMOCRATIC PARTY,1750.00
FLORIDA GLBT DEMOCRATIC CAUCUS,2016,FLORIDA DEMOCRATIC PARTY,1500.00
FLORIDA GLBT DEMOCRATIC CAUCUS,2009,FLORIDA DEMOCRATIC PARTY,842.95
FLORIDA GLBT DEMOCRATIC CAUCUS,2007,FLORIDA DEMOCRATIC PARTY,569.35
FLORIDA GLBT DEMOCRATIC CAUCUS,2017,FLORIDA DEMOCRATIC PARTY,450.00
FLORIDA GLBT DEMOCRATIC CAUCUS,2015,FLORIDA DEMOCRATIC PARTY,270.00
FLORIDA GLBT DEMOCRATIC CAUCUS,2008,FLORIDA DEMOCRATIC PARTY,250.00
FLORIDA GLBT DEMOCRATIC CAUCUS,2011,FLORIDA DEMOCRATIC PARTY,210.00
STONEWALL DEMOCRATS OF DENTON COUNTY,2008,TEXAS DEMOCRATIC PARTY,110.00
PRIDE INC,0,0,0
JOHNSON FAMILY FOUNDATION,0,0,0
VERMONTERS FOR CIVIL UNIONS,2000,VERMONT DEMOCRATIC HOUSE CAUCUS,2000.00
VERMONTERS FOR CIVIL UNIONS,2000,VERMONT SENATE VICTORY,2000.00
VERMONTERS FOR CIVIL UNIONS,2001,VERMONT SENATE VICTORY,2000.00
VERMONTERS FOR CIVIL UNIONS,2001,VERMONT DEMOCRATIC HOUSE CAUCUS,1000.00
VERMONTERS FOR CIVIL UNIONS,2002,VERMONT DEMOCRATIC HOUSE CAUCUS,1000.00
VERMONTERS FOR CIVIL UNIONS,2003,VERMONT DEMOCRATIC PARTY,1000.00
GAYPASG PAC,2004,NEW JERSEY DEMOCRATIC PARTY,1500.00
GAYPASG PAC,2007,NEW JERSEY DEMOCRATIC PARTY,1250.00
GAYPASG PAC,2005,NEW JERSEY DEMOCRATIC PARTY,950.00
GAYPASG PAC,2002,NEW JERSEY DEMOCRATIC PARTY,450.00
GAYPASG PAC,2003,NEW JERSEY DEMOCRATIC PARTY,450.00
GAYPASG PAC,2006,NEW JERSEY DEMOCRATIC PARTY,450.00
GAY LESBIAN BISEXUAL & TRANSGENDER DEMOCRATS & ALLIES OF JEFFERSON COUNTY GLBT,2012,COLORADO DEMOCRATIC PARTY,500.00
TRIANGLE PRIDE PAC,2006,MICHIGAN HOUSE DEMOCRATIC FUND,75.00
VA PARTISANS,2005,VIRGINIA DEMOCRATIC PARTY,529.05
VA PARTISANS,2004,VIRGINIA DEMOCRATIC PARTY,200.00
MAINE COALITION FOR EQUAL RIGHTS,2000,MAINE DEMOCRATIC PARTY,12550.00
CIMARRON EQUALITY OKLAHOMA,2012,OKLAHOMA DEMOCRATIC PARTY,5000.00
UTAH STONEWALL DEMOCRATS,0,0,0
GLBT DEMOCRATS & ALLIES OF JEFFERSON COUNTY,0,0,0
EQUALITY OHIO,2008,OHIO HOUSE OF REPRESENTATIVES DEMOCRATIC CAUCUS,5000.00
EQUALITY FEDERATION,0,0,0
VIRGINIA LOG CABIN REPUBLICANS OF NOVA,0,0,0
CENTER ADVOCATES,2007,ASSEMBLY DEMOCRATIC CAMPAIGN CMTE OF WISCONSIN,2000.00
STONEWALL DEMOCRATS OF CENTRAL OHIO,2010,OHIO DEMOCRATIC PARTY,1000.00
STONEWALL DEMOCRATS OF CENTRAL OHIO,2009,OHIO DEMOCRATIC PARTY,250.00
LOG CABIN REPUBLICANS OF NEW HAMPSHIRE,0,0,0
CAPITAL REGION STONEWALL DEMOCRATS,2015,PENNSYLVANIA DEMOCRATIC PARTY,100.00
PFLAG OF WASHINGTON METROPOLITAN AREA,0,0,0
PRIDEFEST,0,0,0
NO ON PROP 102 CMTE,0,0,0
CAMPAIGN FOR ALL DC FAMILIES,0,0,0
BAY STATE GAY & LESBIAN DEMOCRATS,2002,MASSACHUSETTS DEMOCRATIC PARTY,450.00
BAY STATE GAY & LESBIAN DEMOCRATS,2008,MASSACHUSETTS DEMOCRATIC PARTY,200.00
BAY STATE GAY & LESBIAN DEMOCRATS,2000,MASSACHUSETTS DEMOCRATIC PARTY,100.00
STONEWALL DEMOCRATS OF THE RIO GRANDE VALLEY,2015,TEXAS DEMOCRATIC PARTY,50.40
HARVEY MILK LGBT DEMOCRATIC CLUB,0,0,0
STONEWALL DEMOCRATIC CLUB,0,0,0
STONEWALL DEMOCRATS,2006,UTAH DEMOCRATIC PARTY,750.00
STONEWALL DEMOCRATS,2009,UTAH DEMOCRATIC PARTY,500.00
STONEWALL DEMOCRATS,2003,COLORADO DEMOCRATIC PARTY,105.00
STONEWALL YOUNG DEMOCRATS,0,0,0
CMTE FOR FAIRNESS,0,0,0
BASIC RIGHTS OF OREGON PAC,1998,OREGON DEMOCRATIC PARTY,5000.00
BASIC RIGHTS OF OREGON PAC,2000,OREGON HOUSE DEMOCRATIC CAMPAIGN CMTE,500.00
BASIC RIGHTS OF OREGON PAC,2000,OREGON SENATE DEMOCRATIC CAMPAIGN CMTE,250.00
NEW HAMPSHIRE STONEWALL DEMOCRATS,2006,NEW HAMPSHIRE DEMOCRATIC PARTY,7500.00
NEW HAMPSHIRE STONEWALL DEMOCRATS,2010,CMTE TO ELECT HOUSE DEMOCRATS OF NEW HAMPSHIRE,250.00
NEW HAMPSHIRE STONEWALL DEMOCRATS,2010,NEW HAMPSHIRE DEMOCRATIC SENATE CAUCUS,200.00
NEW HAMPSHIRE STONEWALL DEMOCRATS,2010,NEW HAMPSHIRE DEMOCRATIC PARTY,100.00
KENTUCKY FAIRNESS ALLIANCE ACTION FUND,0,0,0
PRIDE PROJECT,0,0,0
BWB PROPERTIES,2006,UTAH CMTE FOR A DEMOCRATIC MAJORITY,1500.00
BWB PROPERTIES,2008,UTAH CMTE FOR A DEMOCRATIC MAJORITY,1500.00
VIRGINIA PARTISAN PAC,2002,VIRGINIA DEMOCRATIC PARTY,1214.17
VIRGINIA PARTISAN PAC,2003,VIRGINIA DEMOCRATIC PARTY,1044.28
VIRGINIA PARTISAN PAC,2000,VIRGINIA DEMOCRATIC PARTY,520.00
VICTORY FOUNDATION GAY/LESBIAN VICTORY FUND,0,0,0
GAY & LESBIAN ADVOCATES & DEFENDERS,0,0,0
MARRIAGE EQUALITY USA,0,0,0
GLBT FRIENDS OF GOOD GOVERNMENT,0,0,0
SUMMIT COUNTY PFLAG,0,0,0
TEP-PAC,2008,HOUSE SENATE DEMOCRATIC CAUCUS OF TENNESSEE,250.00
TEP-PAC,2009,SENATE DEMOCRATIC CAUCUS OF TENNESSEE,100.00
GAYS & LESBIANS ORGANIZED FOR BETTERMENT & EQUALITY,0,0,0
KENTUCKY FAIRNESS ALLIANCE ACTION,0,0,0
LAGPAC,2001,LOUISIANA DEMOCRATIC PARTY,250.00
PINELLAS STONEWALL PAC,0,0,0
OHIO STONEWALL DEMOCRATS,2006,OHIO DEMOCRATIC PARTY,5000.00
STONEWALL DEMOCRATS OF MASSACHUSETTS,0,0,0
MID-COAST FOR MARRIAGE EQUALITY,0,0,0
GAYS & LESBIANS ORGANIZED FOR BETTERMENT & EQUALITY (GLOBE) OF SOUTHERN ALAMEDA COUNTY,0,0,0
THE CENTER,0,0,0
CALIFORNIANS FOR FAIRNESS,2000,VERMONT DEMOCRATIC PARTY,2000.00
CALIFORNIANS FOR FAIRNESS,2000,VERMONT SENATE VICTORY,2000.00
CALIFORNIANS FOR FAIRNESS,2000,VERMONT DEMOCRATIC HOUSE CAUCUS,1000.00
NATIONAL GAY & LESBIAN TASK FORCE ACTION FUND,0,0,0
STONEWALL DEMOCRATIC CAUCUS OF ARKANSAS,0,0,0
ME WONT DISCRIMINATE,0,0,0
WASHINGTON UNITED FOR MARRIAGE,2012,WASHINGTON STATE DEMOCRATIC PARTY,4850.00
SEATTLE GAY NEWS,0,0,0
ATLANTA STONEWALL DEMOCRATS,2007,GEORGIA DEMOCRATIC PARTY,2000.00
GLC FOR FAIRNESS,0,0,0
ARIZONA STONEWALL DEMOCRATS,2000,ARIZONA DEMOCRATIC PARTY,3000.00
ARIZONA STONEWALL DEMOCRATS,2002,ARIZONA DEMOCRATIC PARTY,1550.00
EQUALITY NEW HAMPSHIRE,0,0,0
NO ON 1 PROTECT MAINE EQUALITY,2009,MAINE DEMOCRATIC PARTY,4414.00
EQUAL RIGHTS ACTION,2010,DEMOCRATIC SENATE CAMPAIGN FUND OF COLORADO,750.00
EQUAL RIGHTS ACTION,2010,COLORADO DEMOCRATIC HOUSE CAUCUS,750.00
EQUAL RIGHTS ACTION,2011,COLORADO DEMOCRATIC PARTY,400.00
LOG CABIN REPUBLICANS OF VIRGINIA,0,0,0
TARRANT COUNTY STONEWALL DEMOCRATS,0,0,0
HOUSTON EQUAL RIGHTS ALLIANCE / HERA,0,0,0
STONEWALL DEMOCRATIC CLUB OF ARKANSAS,2005,ARKANSAS DEMOCRATIC PARTY,1500.00
STONEWALL DEMOCRATIC CLUB OF ARKANSAS,2007,ARKANSAS DEMOCRATIC PARTY,1500.00
STONEWALL DEMOCRATIC CLUB OF ARKANSAS,2006,ARKANSAS DEMOCRATIC PARTY,1000.00
STONEWALL DEMOCRATS OF CENTRAL MARYLAND,0,0,0
OKLAHOMA STONEWALL DEMOCRATS,2010,OKLAHOMA DEMOCRATIC PARTY,125.00
STONEWALL DEMOCRATIC CLUB,0,0,0
MID-COAST WONT DISCRIMINATE,0,0,0
STONEWALL DEMOCRATIC CAUCUS,0,0,0
LANSING ASSOCIATION FOR HUMAN RIGHTS,0,0,0
GAY & LESBIAN INDEPENDENT DEMOCRATS,0,0,0
BAY STATE STONEWALL DEMOCRATS,0,0,0
CENTRAL OKLAHOMA STONEWALL DEMOCRATS,2006,OKLAHOMA DEMOCRATIC HOUSE CMTE,1000.00
CENTRAL OKLAHOMA STONEWALL DEMOCRATS,2002,OKLAHOMA DEMOCRATIC PARTY,500.00
CENTRAL OKLAHOMA STONEWALL DEMOCRATS,2003,OKLAHOMA DEMOCRATIC PARTY,500.00
CENTRAL OKLAHOMA STONEWALL DEMOCRATS,2006,OKLAHOMA DEMOCRATIC PARTY,250.00
CENTRAL OKLAHOMA STONEWALL DEMOCRATS,2007,OKLAHOMA DEMOCRATIC HOUSE CMTE,250.00
CENTRAL OKLAHOMA STONEWALL DEMOCRATS,2007,OKLAHOMA DEMOCRATIC PARTY,220.00
NASSAU COUNTY LESBIAN & GAY DEMOCRATS,0,0,0
FAMILIES FOR A BETTER IDAHO,0,0,0
VICTORY FUND PAC,0,0,0
RAINBOW EQUALITY,0,0,0
GAYS & LESBIANS ORGANIZED FOR BETTERMENT & EQUALITY / GLOBE,0,0,0
GLID,2002,NEW YORK DEMOCRATIC SENATE CAMPAIGN CMTE,1000.00
STONEWALL DEMOCRATS OF ARKANSAS,0,0,0
STONEWALL DEMOCRATIC CLUB - ISSUES & ADVOCACY CMTE,0,0,0
COALITION FOR ADOPTION RIGHTS EQUALITY,0,0,0
PFLAG TREASURE VALLEY,0,0,0
BOULDER PRIDE,0,0,0
LOG CABIN REPUBLICANS OF NW OHIO,0,0,0
BASIC RIGHTS OF OR ELECT PAC 3087,0,0,0
LOG CABIN REPUBLICANS HUDSON VALLEY,0,0,0
LAMBDA DEMOCRATS OF KEY WEST,0,0,0
BASIC RIGHTS OF OREGON ELECT PAC 3087,0,0,0
NATIONAL STONEWALL DEMOCRATS,0,0,0
LOG CABIN REPUBLICAN CLUB OF VIRGINIA,0,0,0
GATEWAY STONEWALL DEMOCRATS,0,0,0
LESBIAN COMMUNITY PROJECT OF MID-MISSOURI,0,0,0
LONG BEACH LAMBDA DEMOCRATIC CLUB,1998,CALIFORNIA DEMOCRATIC PARTY,150.00
NATIONAL RAINBOW COALITION,0,0,0
GEORGIA STONEWALL DEMOCRATS,2000,GEORGIA DEMOCRATIC PARTY,2000.00
PFLAG BOULDER,0,0,0
FLINT HILLS PFLAG,0,0,0
BROWARD LOG CABIN CLUB,0,0,0
MARYLAND FOR ALL FAMILIES,0,0,0
GAY & LESBIAN VOTERS PAC,0,0,0
RAINBOW ALLIANCE,0,0,0
EQUALITY ARIZONA,2010,ARIZONA DEMOCRATIC PARTY,750.00
LOG CABIN REPUBLICAN CLUB OF PENNSYLVANIA,0,0,0
KANSAS DEMOCRATIC CAUCUS LGBT,0,0,0
GAY & LESBIAN COMMUNITY SERVICES CENTER OF ORANGE COUNTY,0,0,0
MONTCALM COUNTY REPUBLICANS,0,0,0
AMERICAN AIDS,2000,VERMONT DEMOCRATIC PARTY,1000.00
AMERICAN AIDS,2009,DEMOCRATIC CONGRESSIONAL CAMPAIGN CMTE,1000.00
STONEWALL DEMOCRATIC CLUB OF NEW YORK CITY,0,0,0
GAY PASG PAC,0,0,0
RAINBOW BUSINESS & PROFESSIONAL ASSOCIATION,0,0,0
GAY OREGON LESBIAN DOLLARS PAC,0,0,0
GAY & LESBIAN DEMOCRATS OF SUFFOLK COUNTY,0,0,0
LESBIAN & GAY DEMOCRATIC CLUB OF QUEENS,0,0,0
LOVE MAKES A FAMILY PAC,0,0,0
INLAND EMPIRE LESBIAN & GAY DEMOCRATIC CLUB,0,0,0
THOMAS JEFFERSON MEMORIAL UUC GAY/STRAIGHT ALLIANCE,0,0,0
LOG CABIN REPUBLICANS OF WISCONSIN,0,0,0
BALTIMORE OUTLOUD,0,0,0
HUMAN RIGHTS CAMPAIGN OHIO FAMILIES PAC,0,0,0
GAY & LESBIAN INDEPENDENT DEMOCRATS / GLID,0,0,0
COMM FOR FAIRNESS & INDIVIDUAL RIGHTS,0,0,0
EQUALITY WA PAC,0,0,0
CHARLESTON SOCIAL CLUB,0,0,0
PRIDE PAC,0,0,0
ST LOUIS STONEWALL DEMOCRATS,2012,MISSOURI DEMOCRATIC PARTY,140.00
VIRGINIA PARTISANS GAY & LESBIAN PAC,0,0,0
EQUALITY VIRGINIA EDUCATION FOUNDATION,0,0,0
HANDS OFF WA,0,0,0
PFLAG MADISON,0,0,0
STONEWALL DEMOCRATS OF WESTCHESTER,0,0,0
OUTLOOK MEDIA,0,0,0
PFLAG DETROIT,0,0,0
LEAGUE@NCR,0,0,0
PFLAG FOX CITIES,0,0,0
OREGON GAY & LESBIAN LAW ASSOCIATION,0,0,0
PRIDE OF PHILADELPHIA ELECTION COMM,0,0,0
COLORADO STONEWALL DEMOCRATS,2002,DEMOCRATIC SENATE CAMPAIGN FUND OF COLORADO,500.00
INDIANA STONEWELL DEMOCRATS,0,0,0
MIDWEST BISEXUAL LESBIAN GAY TRANSGENDER & ALLY COLLEGE CONFERENCE,0,0,0
KANSAS EQUALITY COALITION,0,0,0
STONE WALL DEMOCRATES,2008,UTAH DEMOCRATIC PARTY,1000.00
LOG CABIN REPUBLICAN PAC FREEDOM & UNITY CMTE/LCR PAC,0,0,0
LOG CABIN REPUBLICANS AGAINST 8,0,0,0
HUMAN RIGHTS CAMPAIGN DALLAS/FORT WORTH,0,0,0
STONEWALL DEMOCRATS OF BEXAR COUNTY,0,0,0
OK GLBT PAC,2012,OKLAHOMA DEMOCRATIC PARTY,1000.00
STONEWALL DEMOCRATS OF SOUTHWEST FLORIDA,0,0,0
PAKISTANI AMERICAN COMMUNITY OF ATLANTA,0,0,0
STONEWALL DEMOCRATS OF WNY,0,0,0
DELAWARE RIGHT TO MARRY PAC,0,0,0
DE RIGHT TO MARRY PAC,0,0,0
VICTORY FOUNDATION GAY/LESBIAN VICTORY FUND,0,0,0
STONEWALL DEMOCRATIC CLUB ISSUES & ADVOCACY CMTE,0,0,0
UTAH LOG CABIN REPUBLICANS,0,0,0
PROGRESS PRINTING CORPORATION,1998,ILLINOIS DEMOCRATIC PARTY,500.00
ST LOUIS NETWORK LLC,0,0,0
SOUTH CAROLINA STONEWALL DEMOCRATS,2009,SOUTH CAROLINA DEMOCRATIC PARTY,800.00
NATIONAL LOG CABIN REPUBLICANS,0,0,0
BAY STATE GAY & LESBIAN DEMOCRATS PAC,0,0,0
WILLIAM & MARY GAY LESBIAN ALUMNI,0,0,0
GLID A K A G & L INDEPENDENT DEMOCRATS,2002,NEW YORK STATE DEMOCRATIC PARTY,300.00
BLACK HILLS AREA GAY & LESBIAN ASSOCIATION,0,0,0
KANAWHA STONEWALL DEMOCRATS,2008,WEST VIRGINIA DEMOCRATIC PARTY,650.00
REPUBLICAN LIBERTY,0,0,0
STONEWALL DEMOCRATS OF CENTRAL MARYLAND,0,0,0
STONEWALL DEMOCRATS OF CENTRAL MARYLAND,0,0,0
PFLAG DENVER,0,0,0
STONEWALL DEMOCRATS OF PINELLAS,0,0,0
TECHNO DYKE,0,0,0
STANDING TOGETHER & RECLAIMING THE STATE/STARS,0,0,0
KANSAS CITY PRIDE DEMOCRATIC CLUB,0,0,0
GAY LESBIAN & BISEXUAL COMMUNITY,2000,COLORADO DEMOCRATIC PARTY,561.00
PFLAG GENESEE COUNTY,0,0,0
KANSAS DEMOCRATIC LBGT CAUCUS,2007,KANSAS DEMOCRATIC PARTY,150.00
KANSAS DEMOCRATIC LBGT CAUCUS,2009,KANSAS DEMOCRATIC PARTY,150.00
STONEWALL DEMOCRATS OF ARIZONA,2004,ARIZONA DEMOCRATIC PARTY,500.00
G V STONEWALL DEMOCRATIC CLUB,0,0,0
ALICE B TOKLAS LESBIAN GAY DEMOCRATIC CLUB,2008,CALIFORNIA DEMOCRATIC PARTY,500.00
PFLAG LANSING,0,0,0
LAMDA DEMOCRATS OF KEY WEST,0,0,0
LOG CABIN REPUBLICANS OF TAMPA BAY,0,0,0
WILLIAM BRYAN STRYKER ELECCONTRACTING INC,0,0,0
LEGAL MARRIAGE ALLIANCE,0,0,0
HARVEY MUGGY LESBIAN/GAY DEMOCRATS,2000,HOUSE DEMOCRATIC CAMPAIGN CMTE OF WASHINGTON,100.00
HARVEY MUGGY LESBIAN/GAY DEMOCRATS,2000,SENATE DEMOCRATIC CAMPAIGN CMTE OF WASHINGTON,100.00
HARVEY MUGGY LESBIAN/GAY DEMOCRATS,2002,HOUSE DEMOCRATIC CAMPAIGN CMTE OF WASHINGTON,100.00
HARVEY MUGGY LESBIAN/GAY DEMOCRATS,2002,SENATE DEMOCRATIC CAMPAIGN CMTE OF WASHINGTON,100.00
HARVEY MUGGY LESBIAN/GAY DEMOCRATS,2001,HOUSE DEMOCRATIC CAMPAIGN CMTE OF WASHINGTON,50.00
HARVEY MUGGY LESBIAN/GAY DEMOCRATS,2001,SENATE DEMOCRATIC CAMPAIGN CMTE OF WASHINGTON,50.00
PRIVACY FUND,0,0,0
PFLAG-EUGENE/SPRINGFIELD,0,0,0
EAST END GAY ORG/EEGO,0,0,0
NEW YORK STATE LOG CABIN REPUBLICANS,0,0,0
EQUALITY VIRGINIA,0,0,0
COLORADO GAY & LESBIAN ASSOCIATION,0,0,0
NORTH CAROLINA EQUALITY,0,0,0
GAY & LESBIAN POLITICAL ACTION & SUPPORT GROUP/GAYPASG,0,0,0
INDIANA STONEWALL DEMOCRAT,0,0,0
DELAWARE LIBERTY FUNDS,0,0,0
LOUISIANA LESBIAN & GAY PAC LAGPAC,0,0,0
ARIZONA TOGETHER,0,0,0
KANSANS FOR FAIRNESS,0,0,0
EQUALITY NEW MEXICO,0,0,0
FAMILY EQUALITY,0,0,0
MAINE WONT DISCRIMINATE,0,0,0
STONEWALL DEMOCRATS OF AUSTIN,0,0,0
AUSTIN GAY & LESBIAN INTERNATIONAL FILM FESTIVAL,0,0,0
LOG CABIN REPUBLICANS OF MAIMI DADE,0,0,0
SDC OF AR,0,0,0
WESTERN MONTANA GAY & LESBIAN COMMUNITY,0,0,0
PFLAG/DENTON COUNTY,0,0,0
WASHINGTON STATE STONEWALL DEMOCRATS,2009,WASHINGTON STATE DEMOCRATIC PARTY,330.00
WASHINGTON STATE STONEWALL DEMOCRATS,2010,WASHINGTON STATE DEMOCRATIC PARTY,150.00
RAINBOW DEMOCRATIC CLUB,2003,FLORIDA DEMOCRATIC PARTY,200.00
PRIDE DAY CMTE,0,0,0
SOUTHERN ARIZONA STONEWALL DEMOCRATS,2004,ARIZONA DEMOCRATIC PARTY,395.00
LOG CABIN REPUBLICANS PARTY OF BROWARD COUNTY,0,0,0
HOUR OF POWER,0,0,0
EQUALITY FAIRFAX,0,0,0
JEFFCOUNTY DEMOCRATS GLBT CAUCUS,0,0,0
VIRGINIA PARTISAN GAY & LESBIAN DEMO,0,0,0
ALICE B TOKLAS LGBT DEMOCRATIC CLUB PAC,0,0,0
PRIDE SOURCE MEDIA,0,0,0
WINGSPAN,0,0,0
ASTRAEA FOUNDATION,0,0,0
TRIANGLE FOUNDATION,0,0,0
CSRA RAINBOW ALLIANCE,0,0,0
PFLAG DOWNRIVER,0,0,0
WASHTENAW RAINBOW ACTION PROJECT,0,0,0
GEORGIA LOG CABIN REPUBLICANS,0,0,0
LOVE MAKES A FAMILY PAC,0,0,0
MARRIAGE EQUALITY RHODE ISLAND,0,0,0
PARENTS FAMILIES FRIENDS OF LESBIANS & GAYS/PFLAG,0,0,0
LAKE COUNTY STONEWALL DEMOCRATIC CLUB,0,0,0
GAY & LESBIAN LABOR ACTIVIST PAC,0,0,0
LGBT POLITICAL CAUCUS OF SO OREGON,0,0,0
STONEWALL DEMOCRATS SAUGATUCK,0,0,0
BSG&L DEMOCRATS PAC INC,0,0,0
STONEWALL DEMOCRATIC CMTE,0,0,0
STONEWALL DEMOCRATES,0,0,0
LOG CABIN CLUB OF EASTERN MASSACHUSETTS,0,0,0
STONEWALL DEMOCRATIC CLUB 1247892,0,0,0
GAY & LESBIAN DEMOCRATS PAC,0,0,0
MI PRIDE PAC,0,0,0
PRIVACY FUND/HANDS OFF WA,0,0,0
STONEWALL DEMOCRATICS OF WNY,0,0,0
GAY & LESBIAN INDEPENDENT DEMOCRATS/GLID,0,0,0
PRIDE OF PHILADELPHIA ELECTION COMM,0,0,0
PRIDE OF PHILADELPHIA ELECTION COMM,0,0,0
THE GAY & LESBIAN ACTIVIST,0,0,0
PFLAG DILLON SUMMIT COUNTY,0,0,0
CITIZENS FOR FAIRNESS,0,0,0
NM LESBIAN &GAY POLITICAL ALLIANCE,0,0,0
ME WONT DISCRIMINATE,0,0,0
STONEWALL DEMOCRATS OFTHERIO GRANDE VALLEY,0,0,0
EQUALITY NC ACTION PAC,0,0,0
YES FOR MARRIAGE & EQUALITY PAC,0,0,0
EL PASO COUNTY STONEWALL DEMOCRATS,0,0,0
OREGON UNITED FOR MARRIAGE,2013,OREGON DEMOCRATIC PARTY,225.00
FRESNO STONEWALL DEMOCRATS,0,0,0
STONEWALL DEMO,0,0,0
CHRISTIANS FOR EQUALITY,0,0,0
STONEWALL DEMOCRATS OF EASTERN MISSOURI,0,0,0
FOUR FREEDOMS DEMOCRATIC CLUB,0,0,0
PFLAG-KC,0,0,0
NASSAU COUNTY LESBIAN & GAY DEMOCART,0,0,0
NASAU COUNTY LESBIAN & GAY DEMOCRATS,0,0,0
ROANOKE VALLEY CHAPTER OF PFLAG,0,0,0
PFLAG/FORT WORTH,0,0,0
LOG CABIN CLUB ORANGE COUNTY,0,0,0
CENTRAL MAINE GAY MENS SUPPORT GROUP,0,0,0
PFLAG VALLEY COUNTY,0,0,0
AFTER 8 INC,0,0,0
MID COLUMBIA PFLAG,0,0,0
"VOID, URVASHI",0,0,0
FRESNO STONEWALL DEMOCRATS,0,0,0
FRESNO STONEWALL DEMOCRATS,0,0,0
SUNCOAST STONEWALL DEMOCRATS,0,0,0
PFLAG ANN ARBOR,0,0,0
PFLAG TRI-CITIES,0,0,0
GAY/LESBIAN NETWORK OF WESTERN MICHIGAN,0,0,0
SUMMIT COUNTY STONEWALL DEMOCRATS,2008,OHIO DEMOCRATIC PARTY,100.00
LOG CABIN REPUBLICANS OF WASHINGTON,0,0,0
RED WING PFLAG,0,0,0
GAY STRAIGHT ALLIANCE,0,0,0
LOG CABIN REPUBLICAN CLUB,0,0,0
PFLAG FOREST GROVE,0,0,0
PFLAG CENTRAL OREGON,0,0,0
PFLAG CLACKAMAS COUNTY,0,0,0
PFLAG CORVALLIS-ALBANY CHAPTER,0,0,0
GLUE PAC,0,0,0
PFLAG OF PUEBLO,0,0,0
JUNCTION CITY TEDDY BEARS/JCTB,0,0,0
STONEWALL DEMOCRATS OF NORTHERN NEVADA,0,0,0
MID-COAST FOR MAINE EQUALITY,2009,MAINE DEMOCRATIC PARTY,100.00
SOUTHERN MAINE PRIDE,2009,MAINE DEMOCRATIC PARTY,100.00
GAY & LESBIAN UTAH DEMOCRATS,0,0,0
HUDSON BAPTIST CHURCH,0,0,0
PRIDE AT WORK,0,0,0
MAINE LESBIAN GAY POLITICAL ALLIANCE,0,0,0
EQUALITY FOR ALL,0,0,0
EL PASO COUNTY STONEWALL DEMS,2002,COLORADO DEMOCRATIC PARTY,20.00
BRO ELECT PAC,0,0,0
STEVENS POINT GAY-STRAIGHT ALLIANCE,0,0,0
PLAG,0,0,0
PFLAG/AUSTIN,0,0,0
FLORIDA TRIANGLE DEMOCRATIC CAUCUS,2005,FLORIDA DEMOCRATIC PARTY,70.00
"LONG, GANNON",0,0,0
PARENTS & FRIENDS OF LESBIANS,2000,COLORADO DEMOCRATIC PARTY,60.00
EVERGREEN PFLAG,0,0,0
LOG CABIN REPUBLICANS OF ORLANDO,0,0,0
THE GAY & LESBIAN COMMUNITY CENTER OF KEY WEST,0,0,0
HARVEY MUGGEY LESBIAN/GAY DEMOCRATS,2003,HOUSE DEMOCRATIC CAMPAIGN CMTE OF WASHINGTON,50.00
WASHINGTON STONEWALL DEMOCRATS,2003,SENATE DEMOCRATIC CAMPAIGN CMTE OF WASHINGTON,50.00
RAINBOW EQUALITY PAC,0,0,0
MINNESOTA DEMOCRATIC LESBIAN/GAY CAUCUS,1998,MINNESOTA DEMOCRATIC-FARMER-LABOR PARTY,50.00
PFLAG/EL PASO,0,0,0
STONEWALL DEMOCRATS OF CENTRAL MARYLAND,0,0,0
BROWARD LOG CABIN REPUBLICAN CLUB,0,0,0
BASIC RIGHTS OF OREGON ELECT PAC 3087,0,0,0
HOUSTON LESBIAN PRESS,0,0,0
DIGNITY/SAN ANTONIO,0,0,0
LESBIAN-GAY ALLIANCE,0,0,0
G/L COMMUNITY TRUST,0,0,0
GAY STRAIGHT STUDENT ALLIANCE,0,0,0
"SEIBEL, MORGAN",0,0,0
TRIANGLE PRIDE OF MICHIGAN,0,0,0
INDIANA STONEWALL DEMOCRATS,0,0,0
